Sequence,Length
QVDGFYARDLTTKAR,15
PQMELRRNGRQCGMSEKEEE,20
ILGEIWKGIKDIL,13
ADRFKQVDGFYARDL,15
IRNPVTCIRSGAICYPRSCPGSYKQIGVCGVSVIKCCKKP,40
KKKKVVAPFYVLV,13
QWGYGPYGGYGGGYPGMYGGYGMRPYGMYGGYGMGMYRPGLLGMLIGK,48
YGRKKRRQRRRGSGIEPHDWTKNITDKIDQIIHDFVDK,38
NQGRHFSGGALIHARFVMTAASSFQ,25
RRKKAVALLPAVLLALLAP,19
ALPQWRIYSYAGDNIVTA,18
TWFWPYPYPHLP,12
TDVILMCFSIDSPDSLENI,19
IAVVFKENIAPYKFK,15
PPARSSPPMPPNLPPLRRRIILLRFLFH,28
PLETLMAKAIDAGFIR,16
PPGETPTPVSDLWPPPSYQGRPSRQGHPP,29
KKLMSNNVQIVRQQSYS,17
GELGRLVYLLDGPGYDPIHCSLAYGDASTLVVF,33
LGVATSAQITAAVALVEAKQARSDIEKLKEAIRDT,35
VGQPQYYQANGGFLI,15
YYQANGGFLIAYQPL,15
KKKKVVAATYVLA,13
RGGRLCYCRRRFCVCVGR,18
EVIDKINAKGVCRST,15
TTPKFTVAWDWVPKR,15
MRVLYIIAYDITDARRLGQIRYFLKGYSTGGQKSVYECFLEREELKFIISKIKRLINPNEDRVHIFRIDGRSKVITLGIAVPPIDPEYFYIG,92
AKLEVVAATYVKKK,14
TRQCRRGRIWKRWNETITGP,20
DAILHTPGCVPCVREGNA,18
CYSRPLVSFRYEDQG,15
PPATHTIADRNHTPFSDV,18
FEDRAPVPFEEVIDK,15
KKKKVLLPFYFFF,13
DDDEVVAATYVA,12
KKKKVVAATYVGV,13
KKKKVVAATYFLVA,14
EIWATLFKKATRQCRRGRIW,20
IKENKCNGTDAKVKLIKQELDKYKNAVTELQLLMQ,35
PPGSLGWPPNTTEPPPYLRLRLIFLFIHLNKIRIRAREIYES,42
KKKKVVLATYVLV,13
TSVITIELSNIKKIKCN,17
CLGVGSCNDFAGCGYAVVCFW,21
VRVLEDGVNYATGNLPGC,18
LGRVAIAWCELQNHE,15
KKKKVLLPFLFFF,13
KKKKAVAATYVLV,13
RRICRCICGRGICRCICG,18
AKDEMEECASHLPYEA,16
GIPCGESCVWIPCISAALGCSCKNKVCYRN,30
VGNWAKVLVVLLLFAGVD,18
MVYVLIAYDISNDSKRLKAAQKLLQMGFARVQKSVYIAKGGRSLAKEAYRALQRLADSGKDKIMVMVIPGDSVRDAYGLGGSLEDGKRVVVV,92
GFCRCICTRGFCRCICTR,18
GWHTTDLKYNPSRVE,15
CDSCERCWYVWLILLRVRLRLLVSL,25
NEELGKKYEETKKKQEEFYKKIEEIEKKNEEVKKKLEELQKK,42
RIILGQCIKREAEAAIEQIFRTKYNDSH,28
KKKKVLAATYVFV,13
TCRYWCKTPENQTYCCEDEREIPSKVGLKPGKCPPVRPVCPPTRGFFEPPKTCSNDGSCYGADKCCFDRCLGEHVCKPIQTRG,83
CLCCDKVRTCRRLLGLVMVLSVVRC,25
RGGRLCYCRRRFCICV,16
SISNALNKLEESNRNLDKVNVKLT,24
LGCNQNQFFCKIPLELWTRY,20
GVIDAAKKVVNVLKNLF,17
GLLGVLGSVAKHVLPHVVPVIAEHL,25
SWLRDIWDWICKVLSDFK,18
RRKKPAVLLALLAP,14
PPVCETGPLHPPSPPPLVRISLILVFVHLNKIRIRAREIYES,42
MRSSGDYGEVTGAWIEFGCH,20
DPKPKKNKKPKNPTP,15
CNCTNSSSSYSGTKMACPSNRG,22
DISIELNKAKSDLEESKEWIRRSNQKLDSIGNWHQ,35
KKKKPVAATYVLV,13
MLVLITYDVQTSSMGGTKRLRKVAKACQNYGQRVQNSVFECIVDSTQLTSLKLELTSLIDEEKDSLRIYRLGNNYKTKVEHIGAKPSIDLEDPLIF,96
KKKKVVLPFLFFF,13
AKYTGKCTKSKNECKYKNDAGKDTFIKCPKFDNKKCTKDNNKCTVDTYNNAVDCD,55
CGESCVFIPCITSVAGCSCKSKVCYRNGIP,30
PDAVYLHRIDLGPPISLERLDVGTNLGNAIAKLED,35
KKKKVVAAFYVLV,13
RPEGQNYTEGIAVVF,15
KKKKVVAATYVLL,13
KHMHWHPPALNT,12
GFCRCLCRRGVCRCICTR,18
EPCTVGHRRYFTFGG,15
KKKKVVAALYVLV,13
LQFTYNHIQRHVNDM,15
GPPISLERLDVGTNLGNAIAKLEDAKELLESSDQI,35
MDVNPYLLFLKVPAQ,15
MFYLISYDISVDQRRLKIAKLLEGYGQRVLESVFECDLELPAYRQLRQKLNRLIKDEEGDRLRIYRLCASCREQIEIIGDGPPPETSQDIYII,93
IPQSLDSWWTSL,12
FKLRAKIKVRLRAKIKL,17
FSSDAISTTFTTNLT,15
SYSMEHFRWGKPV,13
VSFAIKWEYVLLLFL,15
LAEGPPVKECAVTCRYDKDADINVVTQARN,30
NKSLLTEVETPIRNEWGCRCNDSSD,25
MGYIPLVGAPLGGAARAL,18
MKTQFAIFLITLVLFQMFSQSDAIFKAIWSGIKSLFGKRGLSDLDDLDESFDGEVSQADIDFLKELMQ,68
GSDTSLIDTCGNTPNVSGAN,20
QVYKGGYTRPIPRPPPFVRPLPGGPIGPYNGCPVSSCRGISFSQARSCCSRLGRCCHVGKGYS,63
VPTHLATDVELKEIQGMMDASEGTNYTCCK,30
GIPCGESCVFIPCLTTVAGCSCKNKVCYRN,30
ADGHRSSLLGRMKGA,15
GLFGILGSVAKHVLPHVIPVVAEHL,25
RRCPTRPEGQNYTEG,15
NNAKKTNVTLSKKRKRR,17
CVCVKTTSLVRPRHI,15
AVASVPRARGKYWWG,15
ENREILKEPVHGVYY,15
ARMLGDVMAVSTCVP,15
NLYIQWLKDGGPSSGRPPPS,20
KWKLFKKIKFLHSAKKF,17
MAVGLVLCDWWLGEYLLEA,19
DAEFRHDSGYEVHHQKLVFFAEDVGSNKGAIIGLMVGGVVIA,42
MYVIMVYDVNQRRINKVLNTARKYLEWIQNSVLEGEITEAKFEMLKREIEIIINEEEDSVIFYIMRTTKYSERQILGIEKNKREQIL,87
MLHLVVYDISDDGSRARLAKLLEKFGLQRVQYSAFRGELNPNDREVLARQVGKFVRDDRDCIFIIPLCQRCSSTAIVISNTGVELVKEKGVEFV,94
KKKKVLLPFLLFF,13
HRILMRIRQMMA,12
RRKKWLVFFVIFYFFR,16
AGALMFAWLLLGLQGIFN,18
DHYNCVSSGGQCLYSACPIFTKIQGTCYRGKAKCCK,36
AVYLHRIDLGPPISLERLDVGTNLQNAIAKLEDAK,35
GELDELVYLLDGPGYDPIHCDVVTRGGSRLFNF,33
SAIACGESCVYIPCFIPGCSCRNRVCYLN,29
CDVIALLACHLNTPSFNTTHYRESWY,26
GFKDLLKGAAKALVKTVLF,19
KKNEEIIKKLEETKKNEEKNKKSEEILKKLEELRKK,36
VEELMKLLEELLKKLEELFKKLEEWFKKWFELSKKFT,37
CGETCLLGTCYTTGCTCNKYRVCTKDGSVLN,31
AKYVRNNLETTAFHR,15
NHIQRHVNDMLGRVA,15
PPGTGEEPEQAGLPPPELLVEPDYMWSPP,29
QITAAVALVEAKQARSDIEKLKEAIRDTNKAVQSV,35
QSPPAIPALGTNVKK,15
PANAATRTSRGWHTT,15
GWFDVVKHIASAV,13
KVDISSQISSMNQSLQQSKDYIKEAQRLLDTVNPSL,36
RHIDLLVGSATLCSALYV,18
GLLSGILNTAGGLLGNLIGSLSN,23
DLSNQINSINKSLKSAEDWIADSNFFANQARTAK,34
SLSRFLSFLKIVYPPAF,17
KKKKVVAAFYVFV,13
RVAAAAITWVPKPNVEVWPVDPPPPVNFNKTAEQEYGDKEVKLPHW,46
MDVNPTLLFLKVPAQNAISTTFPYT,25
MANSGLQLLGFSMALLGW,18
MFLYVIAYDIPDDRRRKKMADLLEGYGQRVQYSVFECTLSKSKFNELQKRLRKIYQSEEDSLRFYPLSGHTLTQVDIWGEPPLTKPPGSVIV,92
RRKKAAVALLPAVELALLAP,20
RRWCFRVCYKGFCYRKCR,18
KKKKVFAATYVLV,13
GLFSVLGAVAKHVLPHVVPVIAEK,24
SWLDRIWRWICKVLSRFE,18
GLLRKGGEKIGEKLKKIGQKIKNFFQKLVPQPEQ,34
ACYCRIPACIAGERRYGTCIYQGRLWAFCC,30
ALWKNMLKGIGKLAGKAALGAVKKLVGAES,30
CLRKLRKRLLRC,12
LYGNEGCGWAGWLLSPRG,18
MMNWSPTAALVVAQLLRI,18
GLFPKFNKKKVKTGIFDIIKTVGKEAGMDVLRTGIDVIGCKIKGEC,46
MKLLVVYDVSDDSKRNKLANNLKKLGLERIQRSAFEGDIDSQRVKDLVRVVKLIVDTNTDIVHIIPLGIRDWERRIVIGREGLEEWLV,88
NQGRHFCGGALIHARFVMTAASCFQ,25
DWLRIIWDWVCSVVSDFK,18
ILSYLWNGIKSIF,13
ALDKLEESNSKLDKVNVKLT,20
VHLEEILLLLFFLGTISLSLCEEERDADEEENEVSGYAANVNVKRCGYKHGRANCGRG,58
ILPFLAGLFSKIL,13
IMDMIAGAHWGVLAGIKY,18
FYHSKRRLIFSKRKP,15
MILVTYDVNTVEPGGRRRLRQVAKACQDYGQRVQNSVFEVEVDPARWVALKARLEAIIDPALDSLRYYDLGANWQRRVDHVGAKPAVDLHGPLIL,95
KNKKPKNPTPPRPAG,15
PYKFKATMYYKDVTV,15
HMNASDMEIKSYINMIESVEESSNYDF,27
YARDLTTKARATAPT,15
AKLEVVAATYKKKK,14
SWLRDIWDWKCEVLSDFK,18
IPESSELTLQELLGEERR,18
ITCPQVTQSLAPCVPYLISG,20
GEETLKKWEEQTKKLEEKFKKIEENIKKNEEQVKKGEEQLKK,42
CTEEHIVATELVIQEMYIKINVKNSP,26
DHILEPSIPWKSKLLTLVQL,20
QLESLTDRELLLLIARKTCGSVE,23
GICRCICGRGICRCICGRIGGRVPGVGVPGVGHHHHHH,38
SIWRDWVDLICEFLSDWK,18
MFTMKKSLLLLFFLGTINLSFCQEETNAEEERRDEEVAKMEEIKRGLLSGPRCGEESTMWT,61
GHRRYFTFGGGYVYF,15
KKKKVLLATYVLV,13
AALEAKICHQIEYYFGDF,18
KKKKLLLPFLFLV,13
VIVQNSMRISSRPGA,15
AAATQAANGGPATPA,15
LMDIFKVAVNKLLAAGMNKPRCKAAHC,27
LEVYTRHEIKDSGLL,15
SIELNKAKSDLEESKEWIRRSNQKLDSIGNWHQSS,35
GLWKSLLKNVGKAAGKAALNAVTDMVNQ,28
MYIVVVYDVGVERVNKVKKFLRMHLNWVQNSVFEGEVTLAEFERIKEGLKKIIDENSDSVIIYKLRSMPPRETLGIEKNPIEEII,85
RRKKAAVALLKAVLLALKAP,20
LRSRTKIIRIRH,12
TCGFADLMGYIPLVGAPL,18
AAQRRGRVGRNPNQVGD,17
KEGSNICLTRTDRGWYC,17
KWKVFKKIEKMGRNIRNGIVKAGPAIAVLGEAKAL,35
AKKAAKKAKKAAKKAKKWAKK,21
GGKMLYNKVTKQLSYCTDPL,20
RRKKAAVALLPAVLLAELAP,20
MNINPTLLFLKVPAQ,15
YQSTCSAVSKGYLSALR,17
GILLNTLKGAAKNVAGVLLDKLKCKITGGC,30
KKKKVLLPFLFVF,13
AALYKKKIIKKLLES,15
SWLRDLWDWLCEVLSDFK,18
SDFRRQNRRGGTNKRTT,17
YLDRVDTWLQGKINISLCLT,20
EQSRKPPNPTPPPPG,15
ADVILMCFSIDSPDSLENI,19
PEDQFNVALDQVFESIENSQALVDQSNRILSSAEKGNTG,39
QPGYPWPLYGNEGCGWAG,18
MLVLVTYDVNTETPAGRRRLRRIAKTCQNYGQRVQFSVFECNVDPAQWVKLRSKLLNEMDPKLDSLRFYFLGSNWQGRVEHEGAKEPRDLEGTLIL,96
IIIVIIVILLSLIAVGL,17
PGGETARKDKFLHMVLPRRL,20
GIINTLQKYYCRVRGGRCAVLSCLPKEEQIGKCSTRGRKCCRRKK,45
ADGTQRSLLGRMKGA,15
AAQRRGRIGRNPSQVGD,17
FKCRRWQWRMKKLGAPSITCVRRAFA,26
GNTPNVSGANPVDCTMYSNK,20
GAIVSTALPQWRIYSYAG,18
LHDLRFADIDTVIHA,15
TRNLLTTPKFTVAWD,15
LLGFILAFLGWIGAIVST,18
CTMCRYQQNCFTRRLIVGGMLLVFV,25
ADLKVVAATYVLVA,14
CSCRTSSCRFGERLSGACRLNGRIYRLCC,29
QAFKTFTPDWNKIRNDAKRMQDNLEQMKKRFNLNL,35
GLFDIIKKIAESF,13
KKKKVLAPFLFFF,13
KKKKVVAATYVLVF,14
QEWERKVDFLEENITALLEEAQIQQEKNMYELQKL,35
IELSNIKENKCNGTDAKVKLIKQELDKYKNAVTEL,35
KFDSLVECIWDWIDRLWS,18
WHSRGSTWLYRETANLNAMLTITTARSKYPY,31
GAKKGAKKGKKGAKKGAKGAGAKGAGAFKKKK,32
GLMDSLKGLAATAGKTVLQGLLKTASCKLEKTC,33
SCTTCVCTCSCCTT,14
ADLEVVAATYVDDA,14
YRWRGPTAAFLSLV,14
CNIAPASIVSRNIVYTRAQPNQDIA,25
MSEALWTAWTQW,12
RRKKAAVAALPAVLLALLAP,20
AWDFGSIGGVFTSVGKLVHQVFGTAYGVL,29
GICACRRRFCLNFEQFSGYCRVNGARYVRCCSRR,34
GTTVNCIVEEVDARS,15
KKKKVVAATYVEV,13
KRKRFAKKFLRFLRKVIRFLKRFIRRF,27
RRLQVGGGTLKFFLT,15
GQLFTFSPRHHWTTQDCN,18
PNDITLNNSVALDPIDISIELNKAKSDLEESKEWI,35
GICRCICGRRICRCICGR,18
ARRAWRRARRAARRARRAARR,21
LSNIKKIKCNGTDAKVK,17
IINFYDPLVFPSDEFDASISQVNEKINQSLAFIRK,35
TDVILMCASIDSPDSLENI,19
RCICTRGFCRCICTRGFC,18
KKKKVVLATLVLV,13
WLVFFVIFYFFRRRKK,16
MRELYLVIAYDTPDDRRRARLAKLLKGFGERRQYSVFEARLTREQWAHLKGKLEALVNKEEDVLAVYFLPPEAVGRTWRIGHEGLKRLEDPDFV,94
GLPVCGETCAGGTCNTPGCSCSWPICTRN,29
PPSAVCNYEVAEDPSYVREH,20
KRRPAKAWSGRRTRLCCHRVPSPNSTNLKGHHVRLCKPCKLEPEPRLWVVPGALPQV,57
RTQRRGRTGRGKPGIYR,17
KKKKVLAPTYVLV,13
VGALAVVVWLYLWLW,15
WVAVTPTVATRDGKLPTT,18
PPGAPPQPDSVCELHLLCVLRLLVIRIH,28
RQIKINFQNRRMKNKKGELDELVYLLDGPGYDPIHS,36
KKKKVVAATYVLT,13
AFLGWIGAIVSTALPQWR,18
TDVILMCFSADSPDSLENI,19
MKTFSVAVAVAIVLAFICTQESSALPVTGVEELVELVSSDDPVADHQELPVELGERLFNIRKKRASPKCTPYCYPTRDGVFCGVRCDF,88
KKKKVVAATEVLV,13
VATRDGKLPTTQLRRHID,18
ILPWKWPWWPWRR,13
TDVILMCFSIDSPDSLANI,19
GYRARPKFKAGKR,13
DDSVVCAAMSYSHA,14
MDVNPTFLFLKVPAQ,15
FAKKFAKKFKKFAKKFAKFAFAF,23
SAQITAAVALVEAKQARSDIEKLKEAIRDTNKAVQ,35
INWDILIDTIKDKL,14
TWFNPFGYYSWA,12
IRDTNKAVQSVQSSIGNLIVAIKSVQDYVNKEIVP,35
RRKKAAVALLPAVKLALLAP,20
PPPLGAAPTGDPKPK,15
AALVVAQLLRIPQAIMDM,18
VKQCRWCGFDFDGPDGLPHYPIGKCILANE,30
SAYQVRNSSGLYHVTNDC,18
SSSTSTQVQILSNAL,15
CFLNITNSHVSILQEAPPLENAV,23
RGGRLCYCRGWICFCVGR,18
FLVGILPRMRGFITPFLKKVR,21
QLQKWEDWVRWIGNIPQYLKG,21
ITIELSNIKENKCNGTDAKVKLIKQELDKYKNAVT,35
YETLIASVLGKLTGLWHNNSVDFMGHTCHFRRRPKVRKFKLYHEGKFWCPGWAPFEGRSRTKSRSGSSREAIKDFVRKALQNGLITQQDATVWVN,95
AHWGVLAGIKYFSMVGNW,18
MYVVVAYDITEDEVRNKVADALKAYGLERIQRSVFVGRINPALLKDLVERLKRITKGANADITIFKVDRRAIDTAIRIGPPPPARKNVDLY,91
KKKKKVAATYVLV,13
GIPCGESCVWIPCISAAIGCSCKSKVCYRN,30
GSWFRAISSWKQRNRWEWRPDF,22
QIVGGVYLLPRRGPRLGV,18
GKVIDTLTCGFADLMGYI,18
RPETVETTVTTAQETKRGRI,20
EKLKEAIRDTNKAVQSVQSSIGNLIVAIKSVQDYV,35
PPDEGYPPMRMQVPPLGGRIILVRVLLHLNKIRIRAREIYES,42
LSNIKENKCNGTDAKVKLIKQELDKYKNAVTELQL,35
MNINPYPLFIDVPIQ,15
RLGVRATRKTSERSQPRG,18
DYTEVQRRNQLHDLR,15
SWLRDIWRWICKVLSRFK,18
SDIEKLKEAIRDTNKAVQSVQSSIGNLIVAIKSVQ,35
MFVVLVYDTAAERNPNALRTCRKYLHWVQRSVFEGELSAAQYRALMTTLRDQLDLTYDSIRVYRTRSPALVETEWLGVPLGNQDSVL,87
ADLEVVAATYVLDD,14
HGLASTLTRWAHYNALIRAF,20
KVDFLEENITALLEEAQIQQEKNMYELQKLNSWDV,35
LGCETAALRLGIKLTQHYFGLLTAFGSNFGTIG,33
KKKKVVLATYVLF,13
LTLWNEARKLNPNAI,15
MSSRLAVFAYDIRDDRVRRHALKTLREWRLDGQLSVHECQVDAIQARRLFEQLGDELDPATDAWLFTWVEGHRAVLARGKGRTTALQDGLLLAA,94
QYGYGGYPGMMGGYGGYPGMMGGYGMRPYGMGYGMGMGGMGMYRPGLLGMLMGK,54
SIVYEAADAILHTPGCVP,18
TDAILMCFSIDSPDSLENI,19
CATCEQIADSQHRSHRQMV,19
PPFLSYLPAETDFPPPEARETPEPFSNPP,29
PPRGAHRPNSTVVLHLVIRLCLLRFVVH,28
VCRSTAKYVRNNLET,15
LLSLINDMPITNDQKKL,17
FTFGGGYVYFEEYAY,15
HVMLALATVLSIAGAGTGATAI,22
CGRCLQRACCKYCRLKCRLILFVIF,25
SALYALYDFSPPARKMRAYTVRAYVHGSYSRRGPWYDFEPVPGASMDGL,49
RRKKVALLPAVLLALLAP,18
RWMVWRHWFHRLRLPYNPGKNKQNQQWP,28
TDVILMCFAIDSPDSLENI,19
ALHALGYQLAFVLDSPSAY,19
AKDLEVVTSTYVLVEA,16
ELNKAKSDLEESKEWIRRSNQKLDSIGNWHQSSTT,35
ANDPQCLYGNVAAKF,15
SSVITSLGAIVSCYGKT,17
PPSHRTTPASRSLPPLRVFVVLSFSGVHLNKIRIRAREIYES,42
AYQPLLSNTLAELYV,15
HRILARIRQMMT,12
CKFCYGSAQCPTFLFIVRLLRFVWV,25
RGILRNWYNPFAGLRQSLEQ,20
NMTINQTIWNHGNITLGEWY,20
DFRRLPGAFWQLRQP,15
TMKVDDLIVHFNMTKAVEMV,20
TTVKVHASDERLGPMPCRPKEIVSSAGPVM,30
RRKKAAVALAPAVLLALLAP,20
GSHTEHTTYAADRFK,15
GIKCRFCCGCCTPGICGVCCRF,22
TDVALMCFSIDSPDSLENI,19
GYVYFEEYAYSHQLS,15
NNWWYWWDTLVN,12
FFGSVLKLIPKIL,13
KQLSYCTDPLQIPLINYTFG,20
AKLKVVAATYVKKK,14
KKKKEVAATYVLV,13
KKKKGVAATYVLV,13
GLKDIFKAGLGSLVKNIAAHVAN,23
SWLDDIWDWICEVLSDFE,18
TRTSRGWHTTDLKYN,15
FLAAARIAKRVAKKARKLAKRAARKRK,27
AWDFGSVGGLFTSLGKAVHQVFGSVYTIM,29
MDVNPYFLFLKVPAQ,15
LLGDFFRKSKEKIGKEFKRIVQRIKDFLRNLVPRTES,37
YTSVITIELSNIKENKCNGTDAKVKLIKQELDKYK,35
CICCCMCVLYAVLWWLSVLVSLCELLIRSEFELERSMNRRY,41
KKKKVKAATYVLV,13
CTQCCAPSTCLNYRIFVGLLRFVVI,25
AQIVKLGGDDGSLAFVPSKISVAAGEAIEFVNNAGFPHNIVFDEDAVPAGVDADAISYDDYLNSKGETVVRKLSTPGVYGVYCEPHAGAGMKMTITVQ,98
GLFGVLGSIAKHVLPHVVPVIAEKL,25
NILRLKESITATIEAVHEVTDGLS,24
RIDLGPPISLERLDVGTNLGNAIAKLEDAKELLES,35
ARALAHGVRVLEDGVNYA,18
MEHLYIVSYDIRNQRRWRRLFKTMHGFGCWLQLSVFQCRLDRIRIIKMEAAINEIVNHAEDHVLILDLGPAENVKPKVSSIGKTFDPILRQAVIV,95
SSTSTVTPAHST,12
PPDGCNRPQQSRKPPPRCLICLMVGLIHLNKIRIRAREIYES,42
MKMFTVISYDIVDDQRRTSVMKVLKGYGVRVQYSVFEAILDAREFHDLSNQLRKIIDPGQDSIRCYRLDQVAAQRTVIYGIGLTTTDPTHYMV,93
FDLGGLIKGVVDLF,14
KKKKVVAATGVLV,13
KKKKLVAPFLFFF,13
GLVSGLLNTAGGLLGDLLGSLGSLSGGES,29
KKKKVVAATYKKKK,14
KKKKVVAKTYVLV,13
VANDPIDISIELNKAKSDLEESKEWIRRSNQKLDSD,36
LVTLEHQVLVIGLKVEAMEK,20
KKKKVLAAFYVLV,13
TWLRAIWDWVCTALTDFK,18
AWLVHTQWFLDLPLPWLPGADTQGSNWI,28
PNQTCMWNTSQIQDPEIPKC,20
PPSHSFRPESLERLHLLRRVLLLMRIVH,28
IGLKVEAMEKFLYTAFAMQE,20
PPPPGASANASVERI,15
VVCACRRALCLPLERRAGFCRIRGRIHPLCCRR,33
MYNCSLQNGFTMKVDDLIVH,20
GRTTLSTRGPPRGGPG,16
GIGDPVTCLKSGAICHPVFCPRRYKQIGTCGLPGTKCCKKP,41
FLWSLIPSAISAVTSLIKK,19
SVERIKTTSSIEFAR,15
CGECGGGHIVGRFCMVVRFLRLVFI,25
FLFAFRIFKRVFKKFRKLFKRAF,23
GSRVQIRCRFRNSTR,15
SWLRDIWDWICEVLSDFKTW,20
QRRNQLHDLRFADID,15
GLVSDLLSTVTGLLGNLGGGGLKKI,25
PPRGTETPQRCRRLHLVEMLCLVRVVFH,28
MIWLAVYDIEDDGERAKASAILQAWGFVRVQRSFYVGRMPRGKAADLLKILQRHVKSGHIALIPITDELLAKALELGRPPYAPLKPPKYAQIYVV,95
AAPTGDPKPKKNKKP,15
EFVLATGDFVYMSPF,15
GFPCGESCVFIPCISAAIGCSCKNKVCYRN,30
GGFLIAYQPLLSNTL,15
SPRGSRPSWGPTDPRRRS,18
KKKKVVAATAVLV,13
WTDMFTAWWSTP,12
KRSKLLLGIGILVLLIIVILGVPLIIFTIKKKKKK,35
CRQSCSFGPFTFVCDGNTK,19
MQILPLLFAVLLLMLQAEPGLSLARGLPQDCERRGGFCSHKSCPPGIGRIGLCSKEDFCCRSRWYS,66
RFRIRCRWNVGSDTSLIDTC,20
PPDQTTYPSAECPPPPLVSILLIGLWLH,28
MFTLKKPLLLLFFLGTINLSLCQDETNAEEERRDEEVVKMEEIKRGLLSGILGAGKHIVCGLTGCAKA,68
MSMLVVVTENVPPRLRGRLAIWLLEVRAGVYVGDVSAKIREMIWEQIAGLAEEGNVVMAWATNTETGFEFQTFGLNRRTPVDLDGLRLVSFLPV,94
KKKKLVLAFLFFF,13
SWLRDVWDWICTVLTDFK,18
VYINKLTPPCGTMYYACEAV,20
MVRLVITYDIRKDKIRNKLFRLLERYGAWKQYSVFELEINPVHKVELFHSIADLIEDTDRVRIYDLCERCQGKITELGEVSPDKMQVVI,89
DWLKAFYDKVAEKLKEAF,18
TTNLTEYPLSRVDLG,15
TMLEDHEFVPLEVYT,15
ILGAILPLVSGLLSSKL,17
PGDPDLSDGSWSTVSSGA,18
PVDCTMYSNKMYNCSLQNGF,20
PEGRTWAQPGYPWPLYGN,18
CCGCCYIAACARNNSNCSSHLECSTC,26
AVALVEAKQARSDIEKLKEAIRDTNKAVQSVQSSI,35
PKRKAEGDAKGDKAKVKDEPQRRSARLSAKPAPPKPEPKPKKAPAKKGEKVPKGKKGKADAGKEGNNPAENGDAKTDQAQKAEGAGDAK,89
SVSWGMKPSPRQ,12
ADGAHSSLLGRMKGA,15
GIGAVLKVLTTGLPALISWIKRKRQQ,26
GWAGWLLSPRGSRPSWGP,18
LEEWYKKTEELQKKFEEIIKKIEENNKKVEEGLKK,35
RLTGLLATSGFAFVNAAHANGAVCLSDLLGFLAHSRALAG,40
NFYDPLVFPSDEFDASISQVNEKINQSLASIRKSDELLHNVNAGK,45
CPPPTGATVVQFEQP,15
RRKKAAVAKLPAVLLALLAP,20
SWRLDIWDWICESVLDFK,18
HTTYAADRFKQVDGF,15
ADGALLGRMKPA,12
PVPFEEVIDKINAKG,15
FAVAVKAVAVKAVAVKAVKKAVKKVKKAVKKAVKKKK,37
KKKKVAAATYVLV,13
PPPLPYGPNRNGEPHLRVLLRLLCIRLH,28
VSRRYLASLHKKALPTSVTFELLFDGTNPS,30
ADLEVVAATHVLVA,14
FDEMEECASHLPYA,14
KKKKLLLATLFFF,13
GIPCAESCVWIPCTVTALLGCSCSNNVCYN,30
ADLEVVAATYVDVD,14
TDVIAMCFSIDSPDSLENI,19
TGAWIEFGCHRNKSNLHTEA,20
GLPTCGETCFGGTCNTPGCTCDPWPVCTHN,30
AKQARSDIEKLKEAIRDTNKAVQSVQSSIGNLIVA,35
DDMTMKPTPPPQYPLNLQGGGGGGSGDGFGFAVQGHQKVWTSDNGRHEIGLNGGYGQHLGGPYGNSEPSWKVGSTYTYRFPNF,83
LSNTLAELYVREHLR,15
GLWQKIKSAAGDLASGIVEGIKS,23
RRKKAAVALLPAVLLAKLAP,20
IEFARLQFTYNHIQR,15
GLPVCGETCFGGTCNTPGCTCDPWPVCTRN,30
LLGDLLDDVTSIRHAVLQNRAAIDF,25
KKKKVVAATYALV,13
KKKKVVAATYVLP,13
KVCYRAIPCGESCVWIPCISAAIGCSCKN,29
MDVNPCLLFLKVPAQ,15
FILAFLGWIGAIVSTALP,18
GIFPKIIGKGIVNGIKSLAKGVGMKVFKAGLNNIGNTGCNNRDEC,45
QKKCPGRCTLKCGKHERPTLPYNCGKYICCVPVKVK,36
ALDKAEESNSKADKVNVKAT,20
ATHTICDRNHTW,12
PIPKARRPEGRTWAQPGY,18
CLGIGSCNDFAGCGYAIVCFW,21
KKKKLLLAFLFFV,13
ALWMTLLKKVLKAAAKALNAVLVGANA,27
FWFTLIKTQAKQPARYRRFC,20
IDLNITMLEDHEFVP,15
FIFHIIKGLFHAGKMIHGLVTRRRH,25
KKKKLVLPTLFFF,13
ATFNFINNCPFTVWAAAVPG,20
GGLRSLGRKILRAWKKYGPIIVPIIRIG,28
TARLQLEARLQHLVAEILEREQSLALHALGYQLAFV,36
MVVTVYLLIVYDVGVERVNRVKSYLRTELHWVQNSVFEGEVTESQFRRIETNLERIIDRERDSVIIYSFRSERAMNRNVLGLEKSPLDVIL,91
AQEPVKGPVSTKPGSCPIILIRCAMLNPPNRCLKDTDCPGIKKCCEGSCGMACFVPQ,57
KKKKLLAATYVLV,13
SVITIELSNIKENKCNGTDAKVKLIKQELDKYKNA,35
MQYKINMYAIVVYDVNVSRQNQIREFLRKYLYHVQRSVFEGEISPSSLYYMKKILQSYIGETDSLIIYVLRDKSCLMDKIVLGEDKDLQIY,91
ILMCFSINSPNSLQN,15
PPWCCCSPMKRASPPPAQSDLPATPKCPP,29
PPRTTPIPHLDVSLHLLILRILRVRVH,27
GLWRFWFGDFLT,12
MPYLIVTYDIAEERVNKVRKILKKYFMWVQNSVFEGEITEGKLLKCKLELEKVIDKEVDSVYFYSLENRLNYRKTVLGIEKEITGNIL,88
MANAGLQLLGFILAFLGWIGAIVS,24
GSATLCSALYVGDLCGSV,18
YDHIQDHVNTMFSRLATSWCLLQNKERALWAEAA,34
FHCQRTQSQPGSWFRAISSWKQ,22
MDVNPFLLFLKVPAQ,15
LLRIPQAIMDMIAGAHWG,18
TAALELDIKLTQHYFGLLTAFGSNFGTIG,29
FFHHIFRGIVHVGKTIHRLVTG,22
HEFVPLEVYTRHEIK,15
TWWTGTYPWYPR,12
VGALAVVVWLWLWLW,15
KKKKVVAATYVAV,13
SWLRDIWDWIEEVLSDFK,18
LAHKSRLYERHM,12
GVVDTLKNLLMGLL,14
ADLEVVAATYVLVA,14
SWLRDLWDWICELLSDFK,18
KKKKVVAPTYVLF,13
MPRRRRIRRRQK,12
FIHHIFRGIVHAGRSIGRFLTG,22
SMRISSRPGACYSRP,15
KKKKLVAATYVFV,13
GQPSHDPVPPTT,12
PLVEGQLGENNELRL,15
MRILYLLLSVLFVVLQGVAGQPYFSSPIHACRYQRGVCIPGPCRWPYYRVGSCGSGLKSCCVRNRWA,67
PPVYTKDVDISSQISSMNQSLQQSKDYIKEAQKILDTVNPSL,42
FDASISQVNEKINQSLAFIRKSDELLHNVNAGKSI,35
PSRVEAFHRYGTTVN,15
SWLRDIWDWGCEVLSDFK,18
SNASVWECCSTGSWVPFTCC,20
KKKKLLLPFYFFV,13
YEIIMDIEQNNVQGKTGIQQ,20
VVDRGWGNGAGLFGKGSID,19
RRKKAAVALKPAVLLALLAP,20
PPCYERMPRRLIRPPPLLSVLLILRLCH,28
SGCANNTCYNVSVIVPDYQC,20
LLGGILGIGLGVLLLILCLP,20
RARRSLLIASALCTSDVAAATNADLRTALARADHQKTLFWL,41
GGTIFDCGESCFLGTCYTAGCSCGNWGLCYGTN,33
AIPCGESCVWIPCISAAIGCSCKNKVCYR,29
ALQELLGQWLKDGGPSSGRPPPS,23
GLLSVLGSVVKHVIPHVVPVIAEHL,25
TDVILMCFSIDSPDSAENI,19
KKKKVLAATYFLV,13
AELYVREHLREQSRK,15
KKKKVLAATYVLV,13
NQTKDLQQKFYEIIMDIEQN,20
TNDCPNSSVVYEAADAIL,18
RGGRLCYCRPRFCVCVGR,18
RGILIHNTIFGEQVF,15
KKKKVVAATYFFV,13
RVDLGDCIGKDARDA,15
LLDCWVRLGRYLLRRLKTPFTRL,23
ADGYQRSLLGRMKGA,15
KRWNETITGPSGCANNTCYN,20
GIADILKGLLG,11
GLWSKIKEAGKAVLTAAGKAALGAVSDAV,29
PPDTSLLPPVGLHLVVRLFLLRLSVH,26
MAILGDTAWDFGSLGGVFTSIGKALHQVFGAIY,33
ADLEVVAATYVDDD,14
GGTIFDCGESCFLGTCYTKGCSCGEWKLCYGTN,33
GAPLGGAARALAHGVRVL,18
ADLEVVAATYVKKK,14
KKKKVVAFTYVLV,13
GELGRIPSDTYDLAVGALHCPFYLVSGLVYLDG,33
CQRCGWETGVGVSGFLVRILRFVVL,25
GRFKRFRKKFKKLFKKLSPVIPLLHLG,27
QWGYGGYGRGYGGYGGYGRGYGGYGRGYGGYGRGMWGRPYGGYGWGK,47
GGTIFDCGETCFLGTCYTPGCSCGNYGFCYGTN,33
HDWTKNITDKIDQIIHDFVDKTLPD,25
SWLRDLWDWLCELLSDFK,18
KKKKLLLPFYFFF,13
KKKKVVAAFYVLF,13
TDVILMAFSIDSPDSLENI,19
ESGRIKKEEFAEIMKICSTIEELRRQK,27
RRKKLLPAVLLALLAP,16
MRGGNLKVLVVYDITDDSLRLKVAEILKDLGLFRIQKSAFIGEMTSQERENMEEILRRQNLGPSDRIDVFPICDRDLKMHSQIGRGKFGRGPP,93
ADGSRSSLLGRMKGA,15
GRKRRQTSMTDFYHS,15
EVDEMLRSEYGGSFR,15
ADLEVVAATYKKKK,14
VGSEVSDKRTCVSLTTQRLPVSRIKTYTITEGSLRAVIFITKRGLKVCADPQATWVRDVVRSMDRKSNTRNNMIQTKPTGTQQSTNTAVTLTG,93
MVVIVYVIVAYDVNVERVNRVKKFLRRYLNWVQNSLFEGELSSADLEEVKMGLREIINEDEDMVVIYRFRSADAFKREVMGIEKGLGGEEVI,92
RRKKVLLALLAP,12
PPLASMSPLPATDPPPLEGAHPELGVPPP,29
SWLRDIWDWISEVLSDFK,18
PPEPSDLPPGNPVPPPLNYGDPTKLRSPP,29
KKKKVVLAFYVLV,13
KKRKRRFLGFLLGVGSA,17
RRWCFRVCYRGFCYRKCR,18
YTSLIHSLIEESQNQQEKNEQELLELDKWASLWNWF,36
TDVILMCFSIASPDSLENI,19
PPDVHTPPHALWRLHLSLRVCLVRMWIH,28
HVDKKVADKVLLLKQLRIMRLLTRL,25
ALQELLGEYIQWLKDGGPSSGRPPPS,26
LGKFSQTCYNSAIQGSVLTSTCERTNGGYNTSSIDLNSVIAAVDGSLKWPSNFIEACRNTQLAGSSELAAECKTAAGQFVSTKINLDDHIANIDGTLKYE,100
CSRCLELALCLDPAN,15
GVLLLILCLPTLVDCIRNCI,20
GSGPTYCWNEANNPGGPNRCSNNKQCDGARTCSSSGFCQGTSRKPDPGPKGPTYCWDEAKNPGGPNRCSNSKQCDGARTCSSSGFCQGTAGHAAA,95
TDVILMCFSIDSADSLENI,19
QGGIASCCRRHSKTQINREHLTHYYEQHRPPCPIKAVVFYVIGGARICADPNKVWTKTSKAFLDGVHYQRQHTSSKVSF,79
KKKKLLAPFLFFF,13
IFNSIYHRKCVVKNRCETVSGHKTCKDLTCCRAVIFRHERPEVCRPST,48
CGESCAMISFCFTEVIGCSCKNKVCYLNSIS,31
SGTKMACPSNRGILRNWYNP,20
LEAIPCSIPPEFLFGKPFVF,20
SWSTLTANQNPSPPWSKLTY,20
TDVILMCFSIDAPDSLENI,19
TDVILMCFSIDSPDALENI,19
TDVILACFSIDSPDSLENI,19
MAEPRRWYLITYDIRDPKRWRKVHALLKGYGEWLQLSVFRCSLTDRDREKLRWELSRRMDAVDTLLVIGLCGGCVERVRAINAKEDWPEEPAPFKVL,97
EEESEVAHLRVRRGFGCPLNQGACHRHCRSIRRRGGYCSGIIKQTCTCYRN,51
LVVLLLFAGVDAETHVTG,18
GRRRRSVQWCAVSQPEATKCFQWQRNMRKVRGPPVSCIKRDSPIQCIQA,49
FALALKALKKALKKLKKALKKAL,23
APTSPGTPGVAAATQ,15
ALYVGDLCGSVFLVGQLF,18
KKKKVVAATYVLG,13
SWLRDIWDWLCEVLSDFK,18
KWCFRVCYRGICYRRCR,17
KKKKVVTATYVLV,13
FAIAIKAIKKAIKKIKKAIKKAI,23
KKKKLLLPFLVFF,13
MDFWLVCYDVRDDKRRRKLAKLLEQRCQRVQYSVFECPLPEKVLTDLLHRRWLKELNLKEDSLRAYPLQRQSRSQAKIFGSPDLYEPPDFLIL,93
AIPALGTNVKKRRHG,15
ADLEVVAATYVLDA,14
YPGHITGHRMANMMMNW,17
AGAGTGATAIGMVTQYHQVL,20
FFRHLFRGAKAIFRGARQGWRAHKVVSRYRNRDVPETDNNQEEP,44
QFMGIFEDRAPVPFE,15
ANTAFVSSAHNTQKIPAGAPFNRNLRAMLADLRQNAAFAG,40
ANSVACRDGLRAQAECRNTTHLLQRQLTRTQDSLLQAETQANSCNLTVVTLQESLEKKVSQALEQQARIKELENEVTKLNQELENLRIQKETSSTVQVN,99
CVTCKSTVLCDKMQHPCRRGPRCISC,26
GILTDTLKGAAKNVAGVLLDKLKCKITGGC,30
VEENMKKLEERLKKREELFKKQEEWFKKWFERSKKFT,37
HRILMRIAQMMT,12
HVNDMLGRVAIAWCE,15
ATYDGKCYKKDNICKYKAQSGKTAICKCYVKVCPRDGAKCEFDSYKGKCYC,51
QIPLINYTFGPNQTCMWNTS,20
HKILGYTVIAMPEVEGEEIQ,20
KKKKVVAATYTLV,13
ALDKAEESNSKADKVNVKLT,20
GLRKKFRKTRKRIQKLGRKIGKTGRKVWKAWREYGQIPYPCRI,43
KPVSLSYRCPCRFFESHVARANVKRLKILNTPNCALQIVARLKNNNRQVCIDPKLKWIQEYLEKALNK,68
GLWDTIKQAGKKIFLSVLDKIRCKVAGGC,29
HRMANMMMNWSPTAALV,17
KKKKLVAAFYVLV,13
VYPYDEFVLATGDFV,15
HRILMAIRQMMT,12
KKKKVVAATLVFV,13
FADIDTVIHADANAA,15
KKKKVVKATYVLV,13
TGDFVYMSPFYGYRE,15
GFKRIVQRIKDFLRNLV,17
KKKKVVAATYPLV,13
CLGIGSCNNFAGCGYAVVCFW,21
SWLRDIWDWVCEVLSDFK,18
ATSAQITAAVALVEAKQARSDIEKLKEAIRDTNKA,35
MKVLVSFEIKFKTNKEKIISILKHFGFRRMQENLYFGDVEYDELYAMQSDIMENIREYDSILTIPICKSCYLKLNVFGRNLSFKDELYKIF,91
GLFKVLGSVAKHLLPHVAPIIAEKL,25
KKKKLLAPFLFFV,13
KSCCPNTTGRNIYNTCRLTGSSRETCAKLSGCKIISASTCPSNYPK,46
ADLEVVAATYVDVA,14
GWWYKGRARPVSAVA,15
VKSTGRADDDLAVKTKYLPP,20
KNEWGCRCNDSSDGNEWGCRCNDSSD,26
GWIGAIVSTALPQWRIYS,18
TATQCRIRGGFCRVGSCRFPHIAIGKCATFISCCGRAYEVDALNSVRTSPWLLAPGNNPH,60
ECRSTSYAGAVVNDL,15
DDSVVCAAMSYSFA,14
VYTDKVDISSQISSMNQSLQQSKDYIKEAQKILDTV,36
ADLEVVAATYVLVD,14
CYSCPCERRCHKIARGLLILRSVLF,25
LPTTQLRRHIDLLVGSAT,18
GIKYFSMVGNWAKVLVVL,18
KKKKVVAPTYVLV,13
ATAPTTRNLLTTPKF,15
EGPTLGNWAREIWATLFKKA,20
NDPEMQYWTCGYRGLCRRFCHAQEYIVGHHGCPRRYRCCAVRS,43
RRKKAAVALLPAVALALLAP,20
KKKKVVAATYVFF,13
KKKKVVAATLVLF,13
GTACGESCYVLPCFTVGCTCTSSQCFKN,28
VETTVTTAQETKRGRIQTKK,20
HRIAMRIRQMMT,12
MPEVEGEEIQPQMELRRNGR,20
PPPTHQSPNTTDMPPPATLSGPTGINRPP,29
KKKKLLAAFLFFF,13
PRPAGDNATVAAGHA,15
KKKKVPAATYVLV,13
LKEAIRDTNKAVQSVQSSIGNLIVAIKSVQDYVNK,35
EPDSVSIPITCCFNVINRKIPIQRLESYTRITNIQCPKEAVIFKTQRGKEVCADPKERWVRDSMKHLDQIFQNLKP,76
YKFACPECPKRFMRSDHLTLHILLHENKK,29
HRILMRARQMMT,12
GLLSSLSSVAKHVLPHVVPVIAEHL,25
IAWCELQNHELTLWN,15
GLMDTVKNVAKNLAGHMLDKLKCKITGC,28
ACFPWGNTWCGGK,13
HAILMRIRQMMT,12
QPRGRRQPIPKARRPEGR,18
SWLRDIWDWICELLSDFK,18
KKKKLLLPFLFFV,13
ISLERLDVGTNLGNAIAKLEDAKELLESSDQILRSM,36
GFLSILKKVLPKVMAHMK,18
PLSPPLRNTHPQAMQWNSTTF,21
KKKKVVEATYVLV,13
KKKKVVAATYKLKA,14
KKKKVLLPFLFFV,13
LHRIDLGPPISLERLDVGTNLGNAIAKLEDAKELL,35
KKKKLLLPFYVFF,13
VLDLIYSLHKQINRGLKKIVL,21
ADGSLLGRMKGAAG,14
PPESNHPPWKGPYPPPTSNVNPLILLSHLNKIRIRAREIYES,42
TRHRHVPRFLPLRHV,15
AANGGPATPAPPPLG,15
PPTSPLLPTVNLRPPPIIIVFLLRVWFH,28
TLWPWAWRHNWQ,12
RGGSVVIVGRIILSGRK,17
ADGMHRSLLGRMKGA,15
PPGKQHTPTSFTHPPPADILLPLSAMIHLNKIRIRAREIYES,42
IFKAIWSGIKRLC,13
SFYSVLFLWGTCGGFSHSWY,20
HGNITLGEWYNQTKDLQQKF,20
ADGALLGRMKGA,12
ASVTVGRRVSARMLG,15
KKKKFVAATYVLV,13
WERKVDFLEENITALLEEAQIQQEKNMYELQKLNS,35
MNINPTLLFLKVPIQ,15
MPYVVVFYDVSDNKRRDLLAKTLQSLGLVRVQRSVFMGRGGYTKAKEAIRAASRIVDARTDSVVALVVPEDYARRMLVYGGIMSDPKQKQAVRVV,95
AKFEVNNPQVQRQAFNELIRVVHQLLPESSLRKRKRSRC,39
KKKKVVAAAYVLV,13
AFKQSPPAIPALGTN,15
YTPNDITLNNSVALDPIDISIELNKAKSDLEESKE,35
VFQFLGRIIHHVGNFVHGFSHVF,23
VNKKIEEIDKKIEELNKKLEELEKKLEEVNKK,32
AFHRYGTTVNCIVEE,15
YLRGVNRSLHGIWPGKICKGVPTHLATDVE,30
KKKKLLLPFYFLF,13
QPELAPEDPEDSALLEDPVGTVAPQ,25
MKTFSVAVAVAVVLAFICTQESSALPVTGIEELVEPVSSDNNDNHQGLPVELRERLVNIRKKRAPTDCIPYCYPTGDGFHCGVTCRF,87
KKKKVVAATLFLV,13
APMGSDPPTACCASYTARKLPRNFVVDYYETSSLCSQPAVVFQTKRSKQVCADPSESWVQEYVYDLELN,69
HFFATSTGDVVYISPFYNGTNRNASYFG,28
SVSVGMKPSPRP,12
SWLRDIWDWIREVLSDFK,18
PPIPIPDPPQRNRPPPRWFISLMVIRIH,28
AESTTPCSGSYLKA,14
SWGPTDPRRRSRNLGKVI,18
RAVWRHSVATPSHSV,15
SIGAKILGGVKTFFKGALKELASTYLQ,27
MKTQFVILLVALVLFQMFAQSEAIFSAIGGFLKSIFGKRGLQDLDMDDLDQLFDGEISQADINFLNQLMR,70
QIQDPEIPKCGWWNQMAYYN,20
ADGTLLGRMKLA,12
MPITNDQKKLMSNNVQI,17
FLFNVIPHAINATASLIKK,19
KKKKVVAATYKKVA,14
TRDAIEPCTVGHRRY,15
KQLLPIVNKQSCSISNI,17
KKKKVVAATYVPV,13
KNPTPPRPAGDNATV,15
AICKKPSKFFKGACGRDADCEKACDQENWPGGVCVPFLRCECQRSC,46
STQRRGRTGRGRRGIYR,17
GIGGKILSGLKTALKGAAKELASTYLH,27
ARRYNATHIKVGQPQ,15
SRPGACYSRPLVSFR,15
LRSEYGGSFRFSSDA,15
PPRLLDSPEVMVILHLGFRIGLVRLWIH,28
HRILMRIRQMAT,12
YQVVKQPDYLLVPEEVMEYK,20
VEAKQARSDIEKLKEAIRDTNKAVQSVQSSIGNLI,35
KKKKVVGATYVLV,13
KKKKVVAATYKKKA,14
FKVKAKVKAKVKAKVKAKKKK,21
KKKKVVAPTYVFV,13
DQYKCLQHGGFCLRSSCPSNTKLQGTCKPDKPNCCKS,37
ISTTFTTNLTEYPLS,15
MIVIVAYDISDEDRRGRLRRYLRRLGLARVNRSVYAGPGTATTAELVAERAKEIVEEGDSVFVIVVREDEYQRAHVFDGRDYYIVSERKYEVY,93
KYKETDLLILFKDDYFAKKNEERK,24
GHRYSQFMGIFEDRA,15
MYVIMVYDVNEKRVAKILKIARKYLKWVQNSVLEGELSPGKYEKLKLEVSRLIDEKEDSVRFYVMDSQKVFNLETLGVEKGEDGFIF,87
KKKKVVAAEYVLV,13
STLPETTVVRRRGRSPRRRT,20
RRKKAAVALLPAVLEALLAP,20
RRKKALLPAVLLALLAP,17
FLPLIGRVLSGIL,13
GFSSIFRGVAKFASKGLGKDLARLGVNLVACKISKQC,37
SWLRDIWDWLCELLSDFK,18
ATHQETIEKVTEALKINNLRLVTLEHQVLVIGLKVE,36
KKKKVVAAFLVLV,13
SKHSSLDCVLRP,12
CEEIRARLSTHLRKMRKRLMRDADDLQKRLAVY,33
NADIIKSLIRKTIINASKNTASLSILQHLYVLRS,34
ALDKAEESNSKLDKVNVKLT,20
FNMTKAVEMVNIAGNWSCTS,20
PRPISYLKGSSGGPL,15
KIPCGESCVWIPCVTSIFNCKCENKVCYHD,30
VVTTRLFMSLVASVRNAFQSGYISFDEIIKTE,32
GIGTKILGGVKTALKGALKELASTYAN,27
QFEQPRRCPTRPEGQ,15
DDSVVCAAMSYSYA,14
LGEWYNQTKELQQKFYEIIMNIEQNNVQVKKGLQQ,35
KKKKVVAATFVLV,13
TDVILMCFSIDSPDSLENA,19
PPLVVPVEESEIIFWDCWAPEE,22
MDVNPTLLFIDVPAQ,15
KKFACPECPKRFMRSDHLSKHIKTHQNKK,29
VRNSQSCRRNKGICVPIRCPGSMRQIGTCLGAQVKCCRRK,40
QWGYGGYGRGYGGYGGYGRGMYGGYGRGMYGGYGRGMYGGWGK,43
QYGYGPMMGGYGPGMMGGYGPGMMGGYGPGMMGGYGPGMMGGYGMSPMYGGYGMYRPGLLGMLLG,65
SQLGDLGSGAGQGGGGGGSIRAAGGAFGKLEAAREEEFFYKKQKEQLERLKNDQIHQAEFHHQQIKEHEEAIQRHKDFLNNLHK,84
TAAGDARANAVAKAGLHDLNIETDTERNH,29
KKKKLVAATYVLF,13
QMMLTLLWAFWY,12
SEDVVSSSMSYTFT,14
LLPRRGPRLGVRATRKTS,18
KKKKLVLPFYFFF,13
DTRACDVIALLECHLNT,17
SGSWLRDIWDWICEVLSDFK,20
GTPGVAAATQAANGG,15
AKDLEVVCSTYVLVEA,16
KAAKKAAKAAKKAAKWAKKAA,21
QWGYGGMPYGGYGGMGGYGMGGYGMGYRRRMWGSPYGGYGGYGGYGGWG,49
SVSVGTKPRPRP,12
GIGGVLLSAGKAALKGLAKVLAEKYAN,27
ANVVATYPAHS,11
ATHQEAIEKVTGALKINNLR,20
GVCRCLCRRGVCRCLCRR,18
TGALKINNLRLVTLEHQVLV,20
TTTPAKRKKTKK,12
GCVPCVREGNASRCWVAV,18
PATPAPPPLGAAPTG,15
FISAIASMLGKFL,13
SWLRDIWDWECEVLSDFK,18
DVMAVSTCVPVAADN,15
ADRSLLGRMKGA,12
DADIAVWAPPVNAQN,15
QARSDIEKLKEAIRDTNKAVQSVQSSIGNLIVAIK,35
KKKKVLAATLVLV,13
CNSTKNLTFAMRSSGDYGEV,20
SWRLIDWDWICEVLSDFK,18
MYILITYDVSTETEAGKKRLRKVAQVCKDFGQRVQKSVFECSVNEAQFEQLKHRLLQCIDEKSDSLRIYRLREPAKKYIQEYGVNLTIDFDAPLVL,96
KKKKLLLPTLVFF,13
HRILMRIRQAMT,12
ILGKFCDEIKRIV,13
KKKKLLLPTLFFV,13
SSPLAHYLNAPT,12
VTTAQETKRGRIQTKKEVSI,20
DTHTTGGVAGRDTLRFTGFFSFGPKQK,27
ALVEAKQARSDIEKLKEAIRDTNKAVQSVQSSIGN,35
GLDTVSFSTKGATYITYVNFLNELRVKTKPEGNSHGIPSLRKSSDDPGSSFVVAG,55
MYVVIVYDVGVERVNKVRSFLREYMNWVQNSVFEGELTKAEFLKIKSRLKELIQESSDHIIFYSSRDRKYLGIEDLGTPKADTSNII,87
KKKKTVAATYVLV,13
QSHISLCRWCCNCCKANKGCGFCCKF,26
MASAGMQILGVVLTLLGW,18
MKHWRLVSYDIREPKRLRRVAKIMEGFGERIQYSVFRIYSTDKELEKLRWKLAKVTEEEDNIFYLTLCTKCASGAHTQEKKSAWPEAPKTLKIL,94
NPAGCRFCCGCCPNMIGCGVCCRF,24
WVEYMYSWIPTA,12
ADGALLGRMKRA,12
PPTCYVPPHSPATPPPSVRISLLRLVFTLIRSEFELERSMNRRY,44
KKKKVVTSTYVLVEA,15
GCASRCKAKCAGRRCKGWASAFRGRCYCKCFRC,33
VDARSVYPYDEFVLA,15
MLYLIIYDVPATKAGNKRRTRLFDLLSGYGKWRQFSVFECFLSVKQFAKLQTAMEKLIKLDEDAVCIYVLDENTVQRTITYGTPQPEKPGSIII,94
KKKKVVAATYVFVA,14
KKKKVEAATYVLV,13
SMTDFYHSKRRLIFS,15
KKKKFVKKVAKKVKKVAKKVAKVAVAV,27
EQVLKAVTNVLSPVFPGGET,20
KKKKLLLPFLFFF,13
KKKKLLLPTYFFF,13
TTKARATAPTTRNLL,15
RHEIKDSGLLDYTEV,15
MDVNPHLLFLKVPAQ,15
TVAWDWVPKRPSVCT,15
ALWKTMLKKLGTMALHAGKAALGAAADTISQGTQ,34
DGSWSTVSSGADTED,15
KKKKLVLPFLFVF,13
KKKKLVLPFLFFF,13
ADGSLLGRMKPA,12
GLPVCGETCFTGTCYTNGCTCDPWPVCTRN,30
TLVDCIRNCIHKILGYTVIA,20
VGLLLYCKARSTPVTLS,17
RNKSNLHTEARFRIRCRWNV,20
RRKKAAVALLKAVLLALAAP,20
KKKKVGAATYVLV,13
FLEENITALLEEAQIQQEKNMYELQKLNSWDVFGN,35
LGRTLAAIKLTQHYFGLLTAFGSNFGTIG,29
PPLFEDTPMVNSIPPLRVRLFLLRLVFH,28
SFAIKWEYVLLLFLL,15
SHQLSRADITTVSTF,15
KKKKVVAAPYVLV,13
ASANASVERIKTTSS,15
KWKLFKKIEKVGQNIRDGIIKAGPAVAVVGQATQIAK,37
DSGLLDYTEVQRRNQ,15
PDYLLVPEEVMEYKPRRKRAAI,22
AICKRIPNKKPGKKT,15
FRFKIKFRLKFRFKARFKFRAKFRA,25
KKKKLLLAFLFFF,13
KGSVVIVGRIILSGRK,16
REHLREQSRKPPNPT,15
LKAKTNISIREGPTLGNWAR,20
TVSSGADTEDVVC,13
KKKKVVAATYVLKK,14
AVWKDFLKNIGKAAGKAVLNSVTDMVNE,28
NPNAIASVTVGRRVS,15
ACFPWGKEYCGGK,13
LYIRPRPPDNDDGDDNDDGGGENNGGDGDNYATDDMMMVMIMMMVVVRIMVVMVIIMLLMT,61
GMVTQYHQVLATHQEAIEKV,20
YEALVASILGKLSGLWHSDTVDFMGHTCHIRRRPKFRKFKLYHEGKFWCPGWTHLEGNSRTKSRSGSARDAIKDFVYKALQNKLITENNAAAWLK,95
RADITTVSTFIDLNI,15
TAFHRDDHETDMELK,15
TDVILMCFSIDSPDSLEAI,19
CIVEEVDARSVYPYD,15
IPLRGAFINGRWDSQCHRFSNGAIACA,27
GSPRTEYEACRVRCQVAEHGVERQRRCQQVCEKRLREREGRRE,43
LPRRLHLEPAFLPYSVKAHECC,22
PPLRYSPPGQRVIPPPADERFLRFLVFHLNKIRIRAREIYES,42
ILGPVLGLVSDTLDDVLGIL,20
MTGRLISWWWSL,12
KKKKLLLPFLFLF,13
KKKKLVAATYVLV,13
MILIYDINTEDNDGKRRLVKIMKTSRKYLSHVQKSVFEGDITEGQISLLKKEIMAIVNMKKDFVIIYSLRDGVKLNREILTDTPDPTDNFL,91
DDSVVSAAMSYSYA,14
KKKKVVAPTYFLV,13
FHRKKGRGKHK,11
GLPICGETCVGGTCNTPGCSCSWPVCTRN,29
SCASRCKGHCRARRCGYYVSVLYRGRCYCKCLRC,34
WEIHHINKFAQAYSSYSRVIGGTVFVA,27
EARKLNPNAIASVTV,15
RRKKAAVALLPAVLLALEAP,20
CCFLNITNSHVSILQERPPLENRVLTGWGL,30
QWGYNSYGGYNSYGNYGGYGGGYNNGYGVNANLGVGGRGG,40
RLNNRARIILRA,12
SWLRDLWDWICEVLSDFK,18
GDPTFCGETCRVIPVCTYSAALGCTCDDRSDGLCKRN,37
WVPKRPSVCTMTKWQ,15
GAWYKGRARPVSAVA,15
VAGLRQSLEQYQVVKQPDYL,20
KSLLTEVETPIRGSLLTEVETPIR,24
AKTIRLESEVTAIKNALKKTNEAVSTLGNGVRVLATAVRELKDFVSKN,48
AAHLIDALYAEFLGGRVLTTPVVHRALFYASAVLRQPFLAGVPSA,45
MRLPYLVCYDISDEGRLNRVYRFMKGKGFHIQYSVFYCILTDVELKEMKAEILKLIHSRYDDVRIYPLPNNSLVAVLGVGDRIPDGVEVFY,91
SISCSRGLVCLLPRLTNESGNDRFDS,26
ARILMRIRQMMT,12
RRKKLAALPLVLAAPLAVLA,20
AECVVSCSMSYTKA,14
KKKKVVAAFYFLV,13
YEDQGPLVEGQLGEN,15
NTTHYRVIRLTIG,13
VCYFMVFLQYGRKKRRQRR,19
KQRQNKPPSKPNNDFHFEVFNFVPCSICSNNPTCWAICKRIPNKKPGKK,49
FIGAIARLLSKIF,13
KINNPVSCLRKGGRCWNRCIGNTRQIGSCGVPFLKCCKRK,40
VEGQLGENNELRLTRDAIE,19
LGASWHRPDKCCLGYQKRPLPQVLLSSWYPTSQLCSKPGVIFLTKRGRQVCADKSKDWVKKLMQQLPVTAR,71
KTTSSIEFARLQFTY,15
RRKKAAVALLPAVLAALLAP,20
VSVIVPDYQCYLDRVDTWLQ,20
SDHSESIQKKFQLMKEHVNKIGVDS,25
RKTSERSQPRGRRQPIPK,18
AAPCFCSGKPGRGDLWILRGTCPGGYGYTSNCYKWPNICCYPH,43
AWLVHRQWFLDLPLPWLPG,19
PACQDFLGAMIHLKAKTNISIR,22
YPYYPGEARGAP,12
NYTEGIAVVFKENIA,15
YKFACPECPKRFMRSDHLSKHITLHELLGEERR,33
MLIIVTYDVSTETRAGRKRLRRVAKLCESIGQRVQKSVFECRINLMQYEELERRLLSEIDEQEDNLRLYRLTEPAELHVKEYGNFKAIDFEGPLTI,96
KKKKLVAPTYVLV,13
KKKKVVAATYVLVA,14
MAVFLIAYDLVNERRGTHDYQPLWDELKRLGAHRTQFSLWLVSANNTTAEVRQHFQQFVDSNDRIWVTRLRKSQYDYANAIGGTNNWLSNNPPEA,95
DVREEEQLGERATGLNLNI,19
QGRMYQRFLRQHVDPDETGGNDHYLNLSRRNIQCPNRHEGVRFNTDIHEDLTNRRPIDEHEGVVRVTDKTEEG,73
PTSNHSPTSCPPTCPGYRWMCLRRF,25
SSCNMGWDTPACCVWFPYWV,20
GWWNQMAYYNSCKWEEAKVK,20
CGSVFLVGQLFTFSPRHH,18
CKWEEAKVKFHCQRTQSQPGSW,22
ADKEVVAATYVKKK,14
KKKKLVLPFLLFF,13
KKKKLLAPFLVFF,13
ATCRKPSMYFSGACFSDTNCQKACNREDWPNGKCLVGFKCECQRPC,46
TDVILMCFSIDSPASLENI,19
VAADNVIVQNSMRIS,15
GELGRLVYLLDGPGYDPIHCDVVTRGGSHLFNF,33
YIRDFITRRPPFGNI,15
DTRACDVIPLL,11
CKSCDTRCTCLRRRLRVGVGLPCMGC,26
TKKNSFKRKSIMLPKSLLSVVKSATLETKPESKYS,35
NRILPTLIGPL,11
KKKKLLLPTLFLF,13
CSIELSDIPLSVDFNTMID,19
NKGCATCSIGAACLVDGPIPDFEIAGATGLFGLWG,35
MDVNPWLLFLKVPAQ,15
MRIVYLLFPFILLLVQGAAGSSLAPRNKEKCHREKGFCGFLKCFPFIISGKCSRFFFCCKKIFG,64
SDWSLWECCSTGSLFACC,18
MFTLKKSLLLLFFLGTINLSLCQDVTNAEEERRDEEVAKMEEIKRGLLRPPRCGEAYSMWT,61
SSFSPAAPLPPGTKHPCLPLSCPPCPDEECPTCEILPPCELCPEIHIGCDCPFHHSCLCDQPACPPCDFPFGSLINKGGYRG,82
CTLCRVVDCCLYAIVFVMVRVVVLCVNKIRIRAREIYES,39
DDDEVVAATYVLVA,14
KKKKVLLAFLFFF,13
RRKKAAVALLPAVLKALLAP,20
KRKRAVKRVGRRLKKLARKIARLGVAKLAGLRAVKLF,37
GLCPFDTSPVVKGKYNTTLLNGSAFYLVCP,30
RGGGLCYCRRRFCVCVGR,18
SWLRDIWDWACEVLSDFK,18
KKKKVTAATYVLV,13
KKKKLVLATYVLV,13
DLGPPISLERLDVGTNLGNAIAKLEDAKELLESSD,35
KKKKVVAATYVLFA,14
GADFQECMKEHSQKQHQHQG,20
NELRLTRDAIEPCTV,15
GVCRCLCRRGVCRCICRR,18
DDSVVSAAMSYSHA,14
SDDPKESEGDLHCVC,15
VRLASHLRKLRKRLLRDADDLIRLQAEAFQARLKSWFEPLV,41
GWWYKGRARAVSAVA,15
KKKKLLLPTLFFF,13
EAIRDTNKAVQSVQSSIGNLIVAIKSVQDYVNKEI,35
PPGAPPAPFRTHTPPPRMVIVLIRVWCH,28
CHRCFHFRRHPVAVF,15
AACARFIDDFCDTLTPNIYRPRDNGQRCYAVNGHRCDFTVFNTNNGGNPIRASTPNCKTVLRTAANRCPTGGRGKINPNAPFLFAIDPNDGDCSTNF,97
DARDAMDRIFARRYN,15
KKKKVVAATKVLV,13
SWLRDVWDWVCTILTDFK,18
ENKCNGTDAKVKLIKQELDKYKNAVTELQLLMQST,35
GLFKVLGSVAKHLLPHVVPVIAEKL,25
AWDFGSLGGVFTSIGKALHQVFGAIYGAA,29
KTNVTLSKKRKRRFLGF,17
RLASWSVKQANLTTSLLGDLLDDVT,25
AKITFTNNHPRTIWP,15
EDCSTPSSGSFLDR,14
RRHGDEDMFYMHVRG,15
KKKKLLLAFYFFF,13
SMEKLAGFGAVGAGATAEETRRMLHRAFDTLA,32
IFWDCWAPEEPACQDFLGAMIH,22
KKKKVVAATYELV,13
PPLYGRDPTTRRMPHLLLRCCLLRLVVH,28
ANFYVCPPPTGATVV,15
KKKKVVFATYVLV,13
TLKNRYYEPRDSYFQQYMLKGEYQYWFDLD,30
NNLETTAFHRDDHET,15
NIAGNWSCTSDLPSSWGYMN,20
AETVESCLAKPHTEN,15
FDEMEESSSHLPYI,14
RRKKLPAVLLALLAP,15
KRKRAVKRVGRRLKKKLARKIARLGVAF,28
DITLNNSVALDPIDISIELNKAKSDLEESKEWIRRSNQKLDSIGN,45
DEMEECASHLPYK,13
ELQREESPTGPPGSIRTWFQRIPLGWFHCTYQKGKQHCRLRIRQKVEE,48
GSCDGFRVCYMH,12
DASISQVNEKINQSLAFIRKSDELLHNVNAGKSTT,35
TGPEFPGRPTRP,12
SWLWEVWDWVLHVLSDFK,18
ATMYYKDVTVSQVWF,15
LVRDSMAKLRERLNQRQKLFESTQ,24
ILGAILPLVSGLLSNKL,17
ELLFDGTNPSTEEMGDDFRSGLCPFDTSPV,30
KKKKVVAATYVKV,13
PRHHWTTQDCNCSIYPGH,18
KENIAPYKFKATMYY,15
MQCLVIYDIPNDRARQRVADACLDYGLQRIQYSAFAGNLSRTHQRALFGEITRRVKGHTANVQLFVFDSKTWSDRRILEQQYDDA,85
DMELKPANAATRTSR,15
KNGRKLCLDLQAALY,15
RRKKAAVALEPAVLLALLAP,20
EEMKKSDEEIKKYIEEIKKVEEESKYDEE,29
DSHAKRHHGYKRKFHEKHHSHRGY,24
TFLVHREWFMDLNLPWSSAGSTVWR,25
AWDFGSVGGVLNSLGKMVHQIFGSAYTAL,29
CATCIADHRSHRQMV,15
QGWEAVAAAVASKIVGLWRNEKTELLGHECKFTVKPYLKRFQVYYKGRMWCPGWTAIRGEASTRSQSGVAGKTAKDFVRKAFQKGLISQQEANQWLSS,98
SWLRDVWDWVCTVLSDFK,18
KDLKVVAATYVKKK,14
WLVFFVIAYFAR,12
GIWDTIKSMGKVFAGKILQNL,21
FNLSDHSESIQKKFQLMKEHVNKIG,25
AQLLESVLQEERILALHAQARERLT,25
RQMRAWGQDYQHGGMGYSC,19
STCVPVAADNVIVQN,15
WCNWHNIDPWIQLMNRTQADLAEGPPVKEC,30
YADHTGLVRDNMAKLRERLKQRQQLFDSQQGWFEGWFNRSPWFTT,45
HATCSLAFALATSVALATRNDLLLRWAAARDAQTILSKRDR,41
GLLSVLGSVAKHVLPHVVPVIAEKL,25
KDVTVSQVWFGHRYS,15
CRCCELKSLCPTLMRVVRLLGLVLL,25
KSKKVKISLPCNSTKNLTFA,20
KKKKVVAPTLVLV,13
IALLSTNKAVVSLSNGVSVLTSKVLDLKNYIDK,33
PSVCTMTKWQEVDEM,15
GMKCKFCCNCCNLNGCGVCCRF,22
KKKKLVLPFLFFV,13
LNLADATNFLQDSKAELEKARKILSEVGRWY,31
DPTARLQLEARLQHLVAEILEREQSLALHA,30
CRFPNITNSHVPILQERPPLENRVLTGWGL,30
GATVVQFEQPRRCPT,15
KKKKVVAATPVLV,13
CTSDLPSSWGYMNCNCTNSSSS,22
AKLKVVAATYVLKK,14
KKKKVVAATYVKKA,14
EELRVRLASHLRKLRKRLLRDADDLQKRLAVYEEQAQQIRLQAEAFQARLKSWFEPLVEDM,61
KKKKVVAATYLLV,13
KWLCRIWSWISDVLDDFE,18
ADLEVVAATFVLVA,14
NVQGKTGIQQLQKWEDWVRW,20
TFWWHPNYYVDW,12
ARRAKRRARRAARRARRKARR,21
TAAVALVEAKQARSDIEKLKEAIRDTNKAVQSVQS,35
NGESSADWAKN,11
PPLAVMRPGIQILPPPGTDVHPK,23
HGVSGHGQHGVHG,13
GKTKCTASNKNRGIIKT,17
MSTNPKPQRKTKRNTNRRPQDVKFPGGGQIVGGVYL,36
SWLRDIWDWSCEVLSDFK,18
GELGRPVYVLGDPGYYATHCIYATTNDALIFSV,33
RRKKAAVALLPAVLLALLAP,20
GLPRKILCAIAKKKGKCKGPLKLVCKC,27
SMWSGMWRRKLKKLRNALKKKLKGE,25
GRRVSARMLGDVMAV,15
KIPLELWTRYNMTINQTIWN,20
KKKKVVAETYVLV,13
GWMSKIASGIGTFLSGVQQG,20
AGDDQGLDKCVPNSKEK,17
FLFPLITSFLSKVL,14
QWGYNSYGYGNYGGYGGYPMYGGYGMNGGYGGGGLLGMFLGKKK,44
GLPVCGETCFGGTCNTPGCSCTWPICTRD,29
GICACRRRFCPNSERFSGYCRVNGARYVRCCSRR,34
EEYAYSHQLSRADIT,15
SSGLYHVTNDCPNSSIVY,18
TWLATRGLLRSPGRYVYFSPSASTWPVGIWTTGELVLGCDAAL,43
KKKKVVAATYVTV,13
KIPCGESCVWIPCLTSVFNCKCENKVCYHD,30
AVSKVLHLEGEVNKISALLSTNKAVVSLSNGVSVLTSKVLDLDNYIDKQLLPIVNK,56
LLKELWTKIKGAGKAVLGKIKGLL,24
MTKWQEVDEMLRSEY,15
KKKKVVLPTYVLV,13
GIPCAESCVWIPCTVTAIVGCSCSDKVCYN,30
RRCICTTRTCRFPYRRLGTCLFQNRVYTFCC,31
HRALMRIRQMMT,12
LVSFRYEDQGPLVEG,15
CCFLRIQNDSIIRLGDLQPLSQRVSTDWQ,29
PVLQPALSLSCGPEPLLLSC,20
AENTDANFYVCPPPT,15
QFTNVSCTTSKECWSVCQRLHNTSRGKCMNKKCRCYS,37
ILGPVISTIGGVLGGLLKNL,20
ENGLHNRSLNPR,12
FLYTAFAMQELGCNQNQFFC,20
MVDRGWGNHAGLFGKGSIV,19
NASDMEIKKVNKKIEEYIKKIEEVEKKLEEVNKK,34
RRKKAVLLALLAP,13
MASTGLELLGMTLAVLGW,18
KKKKLLLAFLFLF,13
MYIIVVYDVSVERVNRVKKFLRQHLHWVQNSVFEGEVTLAEFERIKAGIGELIDGDEDSVVIYKLRSMPKREVMGVEKNPIEDII,85
RICRCICGRRICRCICGR,18
FAVGLRAIKRALKKLRRGVRKVAKDL,26
KKKKVVAATYGLV,13
ATHIKVGQPQYYQAN,15
VSTALPQWRIYSYAGDNI,18
SQVWFGHRYSQFMGI,15
GKINISLCLTGGKMLYNKVT,20
KQRNRWEWRPDFKSKKVKISLPC,23
GLFGVLAKVAAHVVPAIAEHF,21
KKKKLLLPFLVFV,13
SCLTVPASAYQVRNSSGL,18
KKKKVVAATYVLVK,14
KKKKVVAATYVLE,13
YKPRRKRAAIHVMLALATVLSI,22
MARHRNWPLVMV,12
GVPCGESCVFIPCITGVIGCSCSSNVCYLN,30
ADGAHRSLLGRMKGA,15
AGDNATVAAGHATLREHLRDIKAENTDAN,29
DDHETDMELKPANAA,15
VKFPGGGQIVGGVYLLPR,18
RRKKLLALLAP,11
DLKYNPSRVEAFHRY,15
RRRRRRRRHPAEPGSTVTTQNTASQTMS,28
ARRAKRRARRAKRRARRKKRR,21
KKKKVVAATTVLV,13
VRLGSISVIGIVRGKK,16
KKKKVVAATYFFFA,14
KIMAKPSKFYEQLRGR,16
ARATCYCRTGRCATRESLSGVCEISGRLYRLCCR,34
GQPEEGAPCQVVLQGA,16
FLPIVAKLLSGLL,13
GIPCGESCVFIPCITSVAGCSCKSKVCYRN,30
VGALAVVVWLFLWLW,15
YVREHGVPIHADKYFEQVLK,20
TVSTFIDLNITMLED,15
LQNHELTLWNEARKL,15
HRILMRIRAMMT,12
KETPIRNEWGCRGETPIRNEWGCR,24
MGKRLYAVAYDIPDDTRRVKLANLLKSYGERVQLSVFECYLDERLLEDLRRRARRLLDLGQDALRIYPVAGQVEVLGVGPLPELREVQVL,90
KQNAANILRLKESIAATNEAVHEV,24
CGETCFTGTCYTNGCTCDPWPVCTRNGLPV,30
NEYHGFVDKANNENKRKKQQGRDDFVVKPNNFANRRRKDDYNENYYDDVDAADVV,55
PPNPTPPPPGASANA,15
KKKKVVALTYVLV,13
GGSFRFSSDAISTTF,15
CATCQIADSHRSHRQMV,17
SISCGESCAMISFCFTEVIGCSCKNKVCYLN,31
GLLGLLGSVVSHVVPAIVGHF,21
INAKGVCRSTAKYVR,15
FDEMEECSQHLPYA,14
RRRSRNLGKVIDTLTCGF,18
QEFYGNCCLGHVKPMKIKGKRIESYRMQETDGDCHISAVVFLIKKKPSHVKQKTICANPQEAWVQELMAAVDSRNPKN,78
ADGPRSSLLGRMKGA,15
TFCGETCRVIPVCTYSAALGCTCDDRSDGLCKRNGDP,37
MDRIFARRYNATHIK,15
ACFPWGNQWCGGK,13
AVSPTTLRTEVVKTFRRDKPFPHRMDCVTT,30
YQFHLVLHEALRAQALSRQLILGRELAQELVAELAT,36
KKKKVVAAGYVLV,13
SVQARWEAAFDLDLY,15
VKKRRHGDEDMFYMH,15
GYHGGHGGHGGGYNGGGGHGGHGGGYNGGGHHGGGGHG,38
GGWTQWWWTAFY,12
VEDTLYGDHECGSLLQDAALYLVDGMTNTI,30
SWLRRIWRWICKVLSRFK,18
TAVILMCFSIDSPDSLENI,19
IGNIPQYLKGLLGGILGIGL,20
YGYREGSHTEHTTYA,15
SSFDPVKFPEDQFNVALDQVFESIENSQALVDQSNRILSSAEK,43
DDSVVSAAMSYSFA,14
EYPLSRVDLGDCIGK,15
QDCNCSIYPGHITGHRMA,18
GLLSVLGSVAQHVLPHVVPVIAEHL,25
KKKKVVAGTYVLV,13
LRDIKAENTDANFYV,15
YMSPFYGYREGSHTE,15
ADLEVVAATYAAAA,14
HRILMRIRQMMT,12
FFIFPNYTIVSDFGRPNAA,19
KKKKLLLPFLVLF,13
AKKQRFRHRNRKG,13
ILGKIWEGIKSIF,13
KKKKVVAAKYVLV,13
GLLASLGKVFGGYLAEKLKPK,21
KKKKVVATTYVLV,13
DCIGKDARDAMDRIF,15
PSQPTYPGDDAPLEDLMAFAIDLSFYLGVV,30
RRKKAAVALLKAVLLAALAP,20
MTVKHLIVCYDVEKTKDRNKVIKVLEYYGLIRVQYSVFMGSLTETRLHQMNARIKREFTKPSIKILVIEVCNACMERALLVHEELPKVNRQFEVI,95
DQYLESVKKIHKRLDV,16
RRKKAAVAELPAVLLALLAP,20
EERKKLGEEIKKEAEEAKKQIEETKKNDEE,30
IEVTFVNRRGDGAELWYLSA,20
